{"accuracies": {"10": [0.14196, 0.18656, 0.20692, 0.22236, 0.22932, 0.23552, 0.24188, 0.2498, 0.24924, 0.24812, 0.25416, 0.25464, 0.25116, 0.25676, 0.25632, 0.25568, 0.25936, 0.25912, 0.25756], "100": [0.12252, 0.12252, 0.12252, 0.12252, 0.12256, 0.12276, 0.12292, 0.12308, 0.12532, 0.12576, 0.12716, 0.13132, 0.13256, 0.13584, 0.14028, 0.14188, 0.1464, 0.14864, 0.1484], "50": [0.12252, 0.12252, 0.12268, 0.12424, 0.1278, 0.13108, 0.1382, 0.14512, 0.1496, 0.15728, 0.16296, 0.17048, 0.17608, 0.179, 0.18396, 0.18684, 0.19068, 0.19272, 0.19768], "-1": [0.12252, 0.12252, 0.12252, 0.12252, 0.12252, 0.12252, 0.12252, 0.12252, 0.12252, 0.12252, 0.12252, 0.12252, 0.12252, 0.12252, 0.12252, 0.12252, 0.12252, 0.12252, 0.12252]}, "noise_params": [5, 10, 15, 20, 25, 30, 35, 40, 45, 50, 55, 60, 65, 70, 75, 80, 85, 90, 95], "p99_lats": {"10": [9.987532273212032, 9.984835250123062, 9.981105406052844, 9.971231090026489, 9.967569653810742, 9.96016101832491, 9.953595849381548, 9.952504996443526, 9.943633429309559, 9.938191708823553, 9.930883334715089, 9.933331482089983, 9.916037790956093, 9.91867993454252, 9.896808658080284, 9.90302603418721, 9.890046668865166, 9.891821766975623, 9.88659324882989], "100": [20.379363996920077, 36.773602750284866, 53.151346708872424, 69.71463165142521, 85.61321806688552, 95.40942461157978, 98.37954238802239, 99.04574522195789, 99.4783162304709, 99.61572721554151, 99.67044003642462, 99.72292974182096, 99.76254492838324, 99.77144846498999, 99.80321262143201, 99.78492334671908, 99.80049031563745, 99.80370565408592, 99.80544097483923], "50": [20.379363996920077, 36.756714881979924, 48.212910622401765, 49.646159004535804, 49.848060089389875, 49.884079895478564, 49.887958585362156, 49.898191138484925, 49.89973825907705, 49.888658032183464, 49.89716980307401, 49.9022249224876, 49.8891525961702, 49.88482325122168, 49.88479927316958, 49.86616734836444, 49.87230254504133, 49.88264038522412, 49.85770162180037], "-1": [20.379363996920077, 36.773602750284866, 53.151346708872424, 69.71463165142521, 86.24424105149136, 103.91410335388079, 119.29994198951414, 135.13404541359688, 151.12875403889169, 167.6549288757683, 184.04497787356144, 200.88639255734228, 218.5965630224211, 233.462229552717, 250.0423733090393, 267.169302002818, 281.57616537064456, 298.5576466828727, 316.8441060601932]}}