{"w_train_times": [0.0008060000000114087, 0.00043300000004364847, 0.0004269999999451102, 0.0004129999999804568, 0.00037599999996018596, 0.0005029999999806023, 0.0003920000000334767, 0.00041699999997035775, 0.00041200000009666837, 0.000367999999980384, 0.0003540000000157306, 0.00041199999998298154, 0.0004950000000008004, 0.0004159999999728825, 0.000417999999967833, 0.0004460000000108266, 0.00038400000005367474, 0.00051399999995283, 0.00040500000000065484, 0.0004800000000386717, 0.0004249999999501597, 0.00041699999997035775, 0.00044000000002597517, 0.0004540000001043154, 0.00042300000006889604, 0.00042600000006132177, 0.0004920000000083746, 0.00041600000008656934, 0.00041499999997540726, 0.0004659999999603315, 0.0004099999998743442], "all_train_times": [7.421673000000055, 7.081473000000074, 7.248351999999954, 7.34857199999999, 7.053653999999938, 7.209638000000041, 7.109334999999987, 7.1363810000000285, 7.10133600000006, 7.102168000000006, 7.1305810000000065, 7.126288999999929, 7.116596000000072, 7.101252000000045, 7.091453999999999, 7.155738000000042, 7.1519850000000815, 7.145772999999963, 7.097119000000021, 7.22649100000001, 7.166454999999928, 7.123015000000009, 7.119293999999968, 7.112858000000074, 7.093612000000007, 7.1546730000000025, 7.115101000000095, 7.1095960000000105, 7.141147000000046, 7.164792999999918, 7.15040399999998]}