{"num_points": [2, 3, 4, 5, 6, 7, 8, 9, 10, 11, 12, 13, 14, 15, 16, 17, 18, 19, 20, 21, 22, 23, 24, 25, 26, 27, 28, 29], "oracle": [0.35275, 0.2915, 0.2585, 0.2415, 0.249, 0.228, 0.21275, 0.1995, 0.19025, 0.18475, 0.1845, 0.17425, 0.15925, 0.159, 0.156, 0.15025, 0.1475, 0.13725, 0.13975, 0.1405, 0.141, 0.133, 0.1325, 0.1275, 0.1245, 0.1235, 0.12075, 0.1225], "independent": [0.36225, 0.382, 0.35275, 0.359, 0.33575, 0.3565, 0.34375, 0.33675, 0.3365, 0.32, 0.319, 0.329, 0.31725, 0.317, 0.319, 0.298, 0.30325, 0.303, 0.293, 0.30375, 0.289, 0.2965, 0.29325, 0.2825, 0.28075, 0.28325, 0.284, 0.28475], "l2": [0.356, 0.31, 0.24475, 0.232, 0.22075, 0.2065, 0.1995, 0.173, 0.1825, 0.1865, 0.17575, 0.16525, 0.1545, 0.1505, 0.156, 0.15975, 0.15725, 0.1405, 0.14925, 0.1395, 0.14825, 0.14225, 0.1405, 0.14425, 0.1355, 0.1365, 0.13625, 0.13175], "l1": [0.31725, 0.286, 0.24275, 0.1975, 0.1655, 0.13875, 0.1495, 0.13725, 0.14925, 0.13, 0.13375, 0.1165, 0.1195, 0.137, 0.12725, 0.12925, 0.1215, 0.1265, 0.119, 0.11975, 0.12075, 0.109, 0.1195, 0.117, 0.11875, 0.1125, 0.11425, 0.1145]}