{"digit_retrain_fs": [0.10025, 0.53775, 0.50025, 0.47, 0.43175, 0.40675, 0.374, 0.349, 0.339, 0.31675, 0.30725, 0.29625, 0.27775, 0.2665, 0.244, 0.2285, 0.221, 0.20225, 0.1925, 0.166, 0.13925, 0.10575, 0.106, 0.10625, 0.10375, 0.11075, 0.53575, 0.47375, 0.43625, 0.407, 0.38075, 0.35825, 0.339, 0.316, 0.2935, 0.2845, 0.27175, 0.2525, 0.24175, 0.23, 0.2105, 0.19975, 0.19075, 0.17925, 0.1565, 0.133, 0.10125, 0.1005, 0.10275, 0.104, 0.10225], "digit_no_retrain_fs": [0.10025, 0.53725, 0.477, 0.43425, 0.4155, 0.39175, 0.37325, 0.34675, 0.3345, 0.32125, 0.3085, 0.2895, 0.28225, 0.27725, 0.2595, 0.25325, 0.23775, 0.2315, 0.20325, 0.1945, 0.17175, 0.1485, 0.152, 0.14975, 0.14125, 0.13625, 0.5335, 0.4815, 0.43975, 0.421, 0.39325, 0.36175, 0.33975, 0.31475, 0.299, 0.291, 0.27225, 0.25825, 0.2615, 0.248, 0.239, 0.228, 0.215, 0.208, 0.187, 0.159, 0.1425, 0.14275, 0.14325, 0.13975, 0.13925]}