{"std": [1.193523918853528, 4.8329306192979438, 8.9083067049041951, 15.285389676147767, 33.228632322201186, 54.87157586457613], "max_latency": [55.5165, 77.00866666666667, 99.9832, 128.19739999999996, 211.07949999999997, 373.2250000000001], "mean_latency": [1.5137173750000001, 13.302316666666648, 35.195833500000006, 66.670851, 128.09110666666666, 255.31671666666668], "batch_size": [1, 10, 25, 50, 100, 200], "slo": [20.0, 20.0, 20.0, 20.0, 20.0, 20.0], "throughput": [659.27975, 756.4273333333334, 711.1333999999999, 756.0196, 793.1923333333334, 812.3033333333333]}