{"std": [1.1259594702666953, 4.5750324795749684, 8.7622525625522751, 13.92238326035581, 24.32964021935085, 55.828754430180048], "max_latency": [49.05242857142857, 71.11925, 86.447, 105.38308333333333, 189.45054545454548, 398.563], "mean_latency": [1.6110880714285707, 15.848069124999999, 38.1010503125, 53.35638291666666, 118.25781454545455, 300.5179825], "batch_size": [1, 10, 25, 50, 100, 200], "slo": [20.0, 20.0, 20.0, 20.0, 20.0, 20.0], "throughput": [619.6555714285714, 632.29875, 657.362625, 955.6865833333333, 862.058909090909, 674.06725]}