{"std": [0.036427617332694388, 0.24808265196647653, 0.46945969277732319, 0.35097816895701783, 0.71774792422395028, 2.0051130073619823], "max_latency": [1.1414545454545455, 2.8605000000000005, 5.052263157894737, 6.180947368421053, 12.678105263157894, 27.094631578947375], "mean_latency": [0.15454092727273444, 1.10750225, 2.361263315789474, 4.282407789473684, 8.380771052631578, 17.388201894736845], "batch_size": [1, 10, 25, 50, 100, 200], "slo": [20.0, 20.0, 20.0, 20.0, 20.0, 20.0], "throughput": [6400.126181818182, 8976.706, 10540.483421052631, 11618.56647368421, 11885.279789473685, 11507.960421052632]}