{"std": [0.023369170358446802, 0.22133415787947947, 0.26803611559104507, 0.38102375045991338, 0.86715749114248519, 3.0070988278147031], "max_latency": [1.3103333333333336, 3.591090909090909, 4.312181818181818, 6.726923076923076, 13.665533333333334, 34.25778571428572], "mean_latency": [0.153010151666668, 1.0670707636363634, 2.228072727272727, 4.21092546153846, 8.211068133333333, 17.659217714285713], "batch_size": [1, 10, 25, 50, 100, 200], "slo": [20.0, 20.0, 20.0, 20.0, 20.0, 20.0], "throughput": [6468.52625, 9309.666454545455, 11146.98481818182, 11809.677230769228, 12131.583533333334, 11299.221428571427]}