{"std": [0.13211053252416619, 0.54543582383883549, 1.2165954919564013, 0.33428899487070574, 0.45292586890375586, 0.54991779579618505], "max_latency": [5.577333333333333, 24.335, 54.625, 96.84555555555555, 192.59833333333333, 382.89611111111105], "mean_latency": [2.806935033333334, 19.9604375, 48.402433888888886, 95.62353388888887, 191.10772111111112, 381.2555866666666], "batch_size": [1, 10, 25, 50, 100, 200], "slo": [20.0, 20.0, 20.0, 20.0, 20.0, 20.0], "throughput": [355.7235, 500.68912500000005, 516.3372222222222, 522.7496666666666, 523.1254444444444, 524.4515555555556]}