{"std": [0.193221768, 0.140335683, 0.218967481, 0.144750281, 0.209133803, 0.372070439, 0.436864577], "max_latency": [5.241, 4.286, 6.595, 9.528, 10.165, 20.117, 27.816], "mean_latency": [2.3474518, 2.659995, 3.380402, 5.312878, 8.7840021, 15.4122712, 22.0142788], "batch_size": [1, 10, 25, 50, 100, 200, 300], "slo": [20.0, 20.0, 20.0, 20.0, 20.0, 20.0, 20.0], "throughput": [425.9938372, 3759.405563, 7395.570113, 9411.095079, 11384.33243, 12976.67277, 13627.51888]}